state_name,state_id,district_name,district_id
ANDAMAN & NICOBAR ISLANDS,26,NICOBAR,447
ANDAMAN & NICOBAR ISLANDS,26,NORTH AND MIDDLE ANDAMAN,446
ANDAMAN & NICOBAR ISLANDS,26,SOUTH ANDAMAN,445
ANDHRA PRADESH,18,ALLURI SITHARAMA RAJU (ASR),753
ANDHRA PRADESH,18,ANAKAPALLI,666
ANDHRA PRADESH,18,ANANTHAPUR,331
ANDHRA PRADESH,18,ANNAMAYA,667
ANDHRA PRADESH,18,BAPATLA,668
ANDHRA PRADESH,18,CHITTOOR,333
ANDHRA PRADESH,18,DR. B. R. AMBEDKAR KONASEEMA,673
ANDHRA PRADESH,18,EAST GODAVARI,344
ANDHRA PRADESH,18,ELURU,669
ANDHRA PRADESH,18,GUNTUR,338
ANDHRA PRADESH,18,KAKINADA,672
ANDHRA PRADESH,18,KRISHNA,336
ANDHRA PRADESH,18,KURNOOL,335
ANDHRA PRADESH,18,NANDYAL,678
ANDHRA PRADESH,18,NELLORE,340
ANDHRA PRADESH,18,NTR,677
ANDHRA PRADESH,18,PALNADU,680
ANDHRA PRADESH,18,PARVATHIPURAM MANYAM,676
ANDHRA PRADESH,18,PRAKASAM,339
ANDHRA PRADESH,18,SRIKAKULAM,343
ANDHRA PRADESH,18,SRI SATYA SAI,683
ANDHRA PRADESH,18,TIRUPATI,682
ANDHRA PRADESH,18,VISAKHAPATNAM,341
ANDHRA PRADESH,18,VIZIANAGARAM,342
ANDHRA PRADESH,18,WEST GODAVARI,337
ANDHRA PRADESH,18,YSR,332
ARUNACHAL PRADESH,30,ANJAW,711
ARUNACHAL PRADESH,30,CHANGLANG,515
ARUNACHAL PRADESH,30,DIBANG VALLEY,516
ARUNACHAL PRADESH,30,EAST KAMENG,505
ARUNACHAL PRADESH,30,EAST SIANG,509
ARUNACHAL PRADESH,30,KAMLE,712
ARUNACHAL PRADESH,30,KRA DAADI,713
ARUNACHAL PRADESH,30,KURUNG KUMEY,511
ARUNACHAL PRADESH,30,LEPARADA,714
ARUNACHAL PRADESH,30,LOHIT,514
ARUNACHAL PRADESH,30,LONGDING,715
ARUNACHAL PRADESH,30,LOWER DIBANG VALLEY,716
ARUNACHAL PRADESH,30,LOWER SIANG,717
ARUNACHAL PRADESH,30,LOWER SUBANSIRI,512
ARUNACHAL PRADESH,30,NAMSAI,718
ARUNACHAL PRADESH,30,PAKKE KESSANG,719
ARUNACHAL PRADESH,30,PAPUM PARE,510
ARUNACHAL PRADESH,30,SHI YOMI,720
ARUNACHAL PRADESH,30,SIANG,721
ARUNACHAL PRADESH,30,TAWANG,506
ARUNACHAL PRADESH,30,TIRAP,517
ARUNACHAL PRADESH,30,UPPER SIANG,508
ARUNACHAL PRADESH,30,UPPER SUBANSIRI,513
ARUNACHAL PRADESH,30,WEST KAMENG,504
ARUNACHAL PRADESH,30,WEST SIANG,507
ASSAM,28,BAKSA,722
ASSAM,28,BARPETA,482
ASSAM,28,BISWANATH,723
ASSAM,28,BONGAIGAON,488
ASSAM,28,CACHAR,500
ASSAM,28,CHARAIDEO,724
ASSAM,28,CHIRANG,725
ASSAM,28,DARRANG,492
ASSAM,28,DHEMAJI,494
ASSAM,28,DHUBRI,489
ASSAM,28,DIBRUGARH,498
ASSAM,28,DIMA HASAO,726
ASSAM,28,GOALPARA,486
ASSAM,28,GOLAGHAT,497
ASSAM,28,HAILAKANDI,501
ASSAM,28,HOJAI,727
ASSAM,28,JORHAT,495
ASSAM,28,KAMRUP,478
ASSAM,28,KAMRUP METRO,728
ASSAM,28,KARBI ANGLONG,484
ASSAM,28,KARIMGANJ,502
ASSAM,28,KOKRAJHAR,490
ASSAM,28,LAKHIMPUR,493
ASSAM,28,MAJULI,729
ASSAM,28,MARIGAON,485
ASSAM,28,NAGAON,483
ASSAM,28,NALBARI,480
ASSAM,28,SIBSAGAR,496
ASSAM,28,SONITPUR,491
ASSAM,28,SOUTH SALMARA MANCACHAR,730
ASSAM,28,TINSUKIA,499
ASSAM,28,UDALGURI,731
ASSAM,28,WEST KARBI ANGLONG,732
BIHAR,35,ARARIA,614
BIHAR,35,ARWAL,562
BIHAR,35,AURANGABAD(BH),582
BIHAR,35,BANKA,570
BIHAR,35,BEGUSARAI,567
BIHAR,35,BHAGALPUR,568
BIHAR,35,BHOJPUR,557
BIHAR,35,BUXAR,556
BIHAR,35,DARBHANGA,607
BIHAR,35,EAST CHAMPARAN,606
BIHAR,35,GAYA,561
BIHAR,35,GOPALGANJ,599
BIHAR,35,JAMUI,569
BIHAR,35,JEHANABAD,563
BIHAR,35,KAIMUR (BHABUA),558
BIHAR,35,KATIHAR,613
BIHAR,35,KHAGARIA,610
BIHAR,35,KISHANGANJ,615
BIHAR,35,LAKHISARAI,565
BIHAR,35,MADHEPURA,571
BIHAR,35,MADHUBANI,604
BIHAR,35,MUNGER,566
BIHAR,35,MUZAFFARPUR,600
BIHAR,35,NALANDA,555
BIHAR,35,NAWADA,560
BIHAR,35,PATNA,554
BIHAR,35,PURNIA,612
BIHAR,35,ROHTAS,559
BIHAR,35,SAHARSA,611
BIHAR,35,SAMASTIPUR,608
BIHAR,35,SARAN,597
BIHAR,35,SHEIKHPURA,564
BIHAR,35,SHEOHAR,603
BIHAR,35,SITAMARHI,602
BIHAR,35,SIWAN,598
BIHAR,35,SUPAUL,609
BIHAR,35,VAISHALI,601
BIHAR,35,WEST CHAMPARAN,605
CHANDIGARH,4,CHANDIGARH,30
CHATTISGARH,16,BALOD,763
CHATTISGARH,16,BALODA BAZAR,764
CHATTISGARH,16,BALRAMPUR,765
CHATTISGARH,16,BASTAR,309
CHATTISGARH,16,BEMETARA,766
CHATTISGARH,16,BIJAPUR,310
CHATTISGARH,16,BILASPUR,314
CHATTISGARH,16,DANTEWADA,312
CHATTISGARH,16,DHAMTARI,307
CHATTISGARH,16,DURG,303
CHATTISGARH,16,GARIYABAND,767
CHATTISGARH,16,GAURELLA PENDRA MARWAHI,768
CHATTISGARH,16,JANJGIR-CHAMPA,315
CHATTISGARH,16,JASHPUR,318
CHATTISGARH,16,KANKER,311
CHATTISGARH,16,KAWARDHA,305
CHATTISGARH,16,KONDAGAON,769
CHATTISGARH,16,KORBA,316
CHATTISGARH,16,KORIYA,320
CHATTISGARH,16,MAHASAMUND,308
CHATTISGARH,16,MUNGELI,770
CHATTISGARH,16,NARAYANPUR,313
CHATTISGARH,16,RAIGARH,317
CHATTISGARH,16,RAIPUR,306
CHATTISGARH,16,RAJNANDGAON,304
CHATTISGARH,16,SUKMA,771
CHATTISGARH,16,SURAJPUR,772
CHATTISGARH,16,SURGUJA,319
DADRA & NAGAR HAVELI,12,DADRA & NAGAR HAVELI,219
DAMAN & DIU,11,DAMAN,220
DAMAN & DIU,11,DIU,199
DELHI,1,CENTRAL DELHI,5
DELHI,1,EAST DELHI,689
DELHI,1,NORTH DELHI,2
DELHI,1,NORTH EAST DELHI,8
DELHI,1,NORTH WEST DELHI,3
DELHI,1,SOUTH DELHI,6
DELHI,1,SOUTH EAST DELHI,1
DELHI,1,SOUTH WEST DELHI,7
DELHI,1,WEST DELHI,4
GOA,14,NORTH GOA,227
GOA,14,SOUTH GOA,228
GUJARAT,10,AHMEDABAD,201
GUJARAT,10,AMRELI,195
GUJARAT,10,ANAND,209
GUJARAT,10,ARAVALLI,629
GUJARAT,10,BANASKANTHA,207
GUJARAT,10,BHARUCH,214
GUJARAT,10,BHAVNAGAR,194
GUJARAT,10,BOTAD,630
GUJARAT,10,CHHOTA UDAIPUR,627
GUJARAT,10,DAHOD,212
GUJARAT,10,DANGS,216
GUJARAT,10,DEVBHOOMI DWARKA,631
GUJARAT,10,GANDHI NAGAR,200
GUJARAT,10,GIR SOMNATH,632
GUJARAT,10,JAMNAGAR,193
GUJARAT,10,JUNAGADH,198
GUJARAT,10,KHEDA,208
GUJARAT,10,KUTCH,203
GUJARAT,10,MAHESANA,204
GUJARAT,10,MAHISAGAR,628
GUJARAT,10,MORBI,202
GUJARAT,10,NARMADA,213
GUJARAT,10,NAVSARI,217
GUJARAT,10,PANCH MAHALS,210
GUJARAT,10,PATAN,206
GUJARAT,10,PORBANDAR,197
GUJARAT,10,RAJKOT,192
GUJARAT,10,SABARKANTHA,205
GUJARAT,10,SURAT,215
GUJARAT,10,SURENDRA NAGAR,196
GUJARAT,10,TAPI,633
GUJARAT,10,VADODARA,211
GUJARAT,10,VALSAD,218
HARYANA,2,AMBALA,13
HARYANA,2,BHIWANI,21
HARYANA,2,CHARKI DADRI,690
HARYANA,2,FARIDABAD,9
HARYANA,2,FATEHABAD,17
HARYANA,2,GURGAON,11
HARYANA,2,HISAR,16
HARYANA,2,JHAJJAR,15
HARYANA,2,JIND,19
HARYANA,2,KAITHAL,26
HARYANA,2,KARNAL,20
HARYANA,2,KURUKSHETRA,27
HARYANA,2,MAHENDRAGARH,10
HARYANA,2,NUH,691
HARYANA,2,PALWAL,618
HARYANA,2,PANCHKULA,25
HARYANA,2,PANIPAT,23
HARYANA,2,REWARI,12
HARYANA,2,ROHTAK,14
HARYANA,2,SIRSA,18
HARYANA,2,SONIPAT,22
HARYANA,2,YAMUNA NAGAR,24
HIMACHAL PRADESH,5,BILASPUR (HP),56
HIMACHAL PRADESH,5,CHAMBA,61
HIMACHAL PRADESH,5,HAMIRPUR(HP),57
HIMACHAL PRADESH,5,KANGRA,60
HIMACHAL PRADESH,5,KINNAUR,54
HIMACHAL PRADESH,5,KULLU,53
HIMACHAL PRADESH,5,LAHUL & SPITI,55
HIMACHAL PRADESH,5,MANDI,59
HIMACHAL PRADESH,5,SHIMLA,50
HIMACHAL PRADESH,5,SIRMAUR,52
HIMACHAL PRADESH,5,SOLAN,51
HIMACHAL PRADESH,5,UNA,58
JAMMU & KASHMIR,6,ANANTHNAG,71
JAMMU & KASHMIR,6,BANDIPUR,73
JAMMU & KASHMIR,6,BARAMULLA,72
JAMMU & KASHMIR,6,BUDGAM,69
JAMMU & KASHMIR,6,DODA,65
JAMMU & KASHMIR,6,GANDERBAL,692
JAMMU & KASHMIR,6,JAMMU,62
JAMMU & KASHMIR,6,KATHUA,63
JAMMU & KASHMIR,6,KISHTWAR,693
JAMMU & KASHMIR,6,KULGAM,694
JAMMU & KASHMIR,6,KUPWARA,74
JAMMU & KASHMIR,6,POONCH,66
JAMMU & KASHMIR,6,PULWAMA,70
JAMMU & KASHMIR,6,RAJAURI,67
JAMMU & KASHMIR,6,RAMBAN,695
JAMMU & KASHMIR,6,REASI,696
JAMMU & KASHMIR,6,SAMBA,697
JAMMU & KASHMIR,6,SHOPIAN,698
JAMMU & KASHMIR,6,SRINAGAR,68
JAMMU & KASHMIR,6,UDHAMPUR,64
JHARKHAND,36,BOKARO,584
JHARKHAND,36,CHATRA,585
JHARKHAND,36,DEOGHAR,575
JHARKHAND,36,DHANBAD,588
JHARKHAND,36,DUMKA,573
JHARKHAND,36,EAST SINGHBHUM,590
JHARKHAND,36,GARHWA,580
JHARKHAND,36,GIRIDH,578
JHARKHAND,36,GODDA,574
JHARKHAND,36,GUMLA,595
JHARKHAND,36,HAZARIBAG,587
JHARKHAND,36,JAMTARA,576
JHARKHAND,36,KHUNTI,593
JHARKHAND,36,KODERMA,586
JHARKHAND,36,LATEHAR,581
JHARKHAND,36,LOHARDAGA,594
JHARKHAND,36,PAKUR,577
JHARKHAND,36,PALAMAU,579
JHARKHAND,36,RAMGARH,583
JHARKHAND,36,RANCHI,589
JHARKHAND,36,SAHIBGANJ,572
JHARKHAND,36,SERAIKELA-KHARSAWAN,592
JHARKHAND,36,SIMDEGA,596
JHARKHAND,36,WEST SINGHBHUM,591
KARNATAKA,20,BAGALKOT,373
KARNATAKA,20,BANGALORE,345
KARNATAKA,20,BANGALORE RURAL,346
KARNATAKA,20,BELGAUM,366
KARNATAKA,20,BELLARY,367
KARNATAKA,20,BIDAR,371
KARNATAKA,20,BIJAPUR,372
KARNATAKA,20,CHAMRAJNAGAR,352
KARNATAKA,20,CHICKMAGALUR,356
KARNATAKA,20,CHIKKABALLAPUR,349
KARNATAKA,20,CHITRADURGA,361
KARNATAKA,20,DAKSHINA KANNADA,358
KARNATAKA,20,DAVANGARE,359
KARNATAKA,20,DHARWARD,362
KARNATAKA,20,GADAG,364
KARNATAKA,20,GULBARGA,370
KARNATAKA,20,HASSAN,355
KARNATAKA,20,HAVERI,363
KARNATAKA,20,KODAGU,353
KARNATAKA,20,KOLAR,350
KARNATAKA,20,KOPPAL,368
KARNATAKA,20,MANDYA,354
KARNATAKA,20,MYSURU,351
KARNATAKA,20,RAICHUR,369
KARNATAKA,20,RAMANAGAR,347
KARNATAKA,20,SHIMOGA,360
KARNATAKA,20,TUMKUR,348
KARNATAKA,20,UDUPI,357
KARNATAKA,20,UTTARA KANNADA,365
KARNATAKA,20,YADGIR,754
KERALA,22,ALAPPUZHA,418
KERALA,22,ERNAKULAM,414
KERALA,22,IDUKKI,416
KERALA,22,KANNUR,407
KERALA,22,KASARGOD,408
KERALA,22,KOLLAM,420
KERALA,22,KOTTAYAM,417
KERALA,22,KOZHIKODE,410
KERALA,22,MALAPPURAM,411
KERALA,22,PALAKKAD,412
KERALA,22,PATHANAMTHITTA,419
KERALA,22,THIRUVANANTHAPURAM,421
KERALA,22,THRISSUR,413
KERALA,22,WAYANAD,409
LADAKH,37,KARGIL,76
LADAKH,37,LEH,75
LAKSHADWEEP,23,LAKSHADWEEP,415
MADHYA PRADESH,15,AGAR MALWA,699
MADHYA PRADESH,15,ALIRAJPUR,700
MADHYA PRADESH,15,ANUPPUR,300
MADHYA PRADESH,15,ASHOKNAGAR,701
MADHYA PRADESH,15,BALAGHAT,292
MADHYA PRADESH,15,BARWANI,259
MADHYA PRADESH,15,BETUL,269
MADHYA PRADESH,15,BHIND,289
MADHYA PRADESH,15,BHOPAL,274
MADHYA PRADESH,15,BURHANPUR,702
MADHYA PRADESH,15,CHHATARPUR,281
MADHYA PRADESH,15,CHHINDWARA,270
MADHYA PRADESH,15,DAMOH,280
MADHYA PRADESH,15,DATIA,287
MADHYA PRADESH,15,DEWAS,261
MADHYA PRADESH,15,DHAR,262
MADHYA PRADESH,15,DINDORI,293
MADHYA PRADESH,15,EAST NIMAR,257
MADHYA PRADESH,15,GUNA,284
MADHYA PRADESH,15,GWALIOR,286
MADHYA PRADESH,15,HARDA,272
MADHYA PRADESH,15,HOSHANGABAD,271
MADHYA PRADESH,15,INDORE,260
MADHYA PRADESH,15,JABALPUR,295
MADHYA PRADESH,15,JHABUA,266
MADHYA PRADESH,15,KATNI,296
MADHYA PRADESH,15,KHARGONE,258
MADHYA PRADESH,15,MANDLA,294
MADHYA PRADESH,15,MANDSAUR,267
MADHYA PRADESH,15,MORENA,288
MADHYA PRADESH,15,NARSINGHPUR,273
MADHYA PRADESH,15,NEEMUCH,268
MADHYA PRADESH,15,NIWARI,703
MADHYA PRADESH,15,PANNA,282
MADHYA PRADESH,15,RAISEN,275
MADHYA PRADESH,15,RAJGARH,278
MADHYA PRADESH,15,RATLAM,265
MADHYA PRADESH,15,REWA,302
MADHYA PRADESH,15,SAGAR,277
MADHYA PRADESH,15,SATNA,297
MADHYA PRADESH,15,SEHORE,279
MADHYA PRADESH,15,SEONI,291
MADHYA PRADESH,15,SHAHDOL,298
MADHYA PRADESH,15,SHAJAPUR,264
MADHYA PRADESH,15,SHEOPUR,290
MADHYA PRADESH,15,SHIVPURI,285
MADHYA PRADESH,15,SIDHI,301
MADHYA PRADESH,15,SINGRAULI,704
MADHYA PRADESH,15,TIKAMGARH,283
MADHYA PRADESH,15,UJJAIN,263
MADHYA PRADESH,15,UMARIA,299
MADHYA PRADESH,15,VIDISHA,276
MAHARASHTRA,13,AHMED NAGAR,222
MAHARASHTRA,13,AKOLA,254
MAHARASHTRA,13,AMRAVATI,252
MAHARASHTRA,13,AURANGABAD,223
MAHARASHTRA,13,BEED,231
MAHARASHTRA,13,BHANDARA,247
MAHARASHTRA,13,BULDHANA,253
MAHARASHTRA,13,CHANDRAPUR,248
MAHARASHTRA,13,DHULE,239
MAHARASHTRA,13,GADCHIROLI,249
MAHARASHTRA,13,GONDIA,250
MAHARASHTRA,13,HINGOLI,244
MAHARASHTRA,13,JALGAON,240
MAHARASHTRA,13,JALNA,242
MAHARASHTRA,13,KOLHAPUR,234
MAHARASHTRA,13,LATUR,233
MAHARASHTRA,13,MUMBAI,221
MAHARASHTRA,13,MUMBAI SUBURBAN,773
MAHARASHTRA,13,NAGPUR,246
MAHARASHTRA,13,NANDED,245
MAHARASHTRA,13,NANDURBAR,241
MAHARASHTRA,13,NASHIK,238
MAHARASHTRA,13,OSMANABAD,232
MAHARASHTRA,13,PALGHAR,774
MAHARASHTRA,13,PARBHANI,243
MAHARASHTRA,13,PUNE,226
MAHARASHTRA,13,RAIGAD,775
MAHARASHTRA,13,RATNAGIRI,235
MAHARASHTRA,13,SANGLI,236
MAHARASHTRA,13,SATARA,229
MAHARASHTRA,13,SINDHUDURG,237
MAHARASHTRA,13,SOLAPUR,230
MAHARASHTRA,13,THANE,224
MAHARASHTRA,13,WARDHA,251
MAHARASHTRA,13,WASHIM,255
MAHARASHTRA,13,YAVATMAL,256
MANIPUR,31,BISHNUPUR,525
MANIPUR,31,CHANDEL,528
MANIPUR,31,CHURACHANDPUR,529
MANIPUR,31,IMPHAL EAST,523
MANIPUR,31,IMPHAL WEST,522
MANIPUR,31,JIRIBAM,733
MANIPUR,31,KAKCHING,734
MANIPUR,31,KAMJONG,735
MANIPUR,31,KANGPOKPI,736
MANIPUR,31,NONEY,737
MANIPUR,31,PHERZAWL,738
MANIPUR,31,SENAPATI,524
MANIPUR,31,TAMENGLONG,530
MANIPUR,31,TENGNOUPAL,739
MANIPUR,31,THOUBAL,526
MANIPUR,31,UKHRUL,527
MEGHALAYA,29,EAST GARO HILLS,487
MEGHALAYA,29,EAST JAINTIA HILLS,740
MEGHALAYA,29,EAST KHASI HILLS,518
MEGHALAYA,29,NORTH GARO HILLS,741
MEGHALAYA,29,RI BHOI,479
MEGHALAYA,29,SOUTH GARO HILLS,521
MEGHALAYA,29,SOUTH WEST GARO HILLS,742
MEGHALAYA,29,SOUTH WEST KHASI HILLS,743
MEGHALAYA,29,WEST GARO HILLS,520
MEGHALAYA,29,WEST JAINTIA HILLS,744
MEGHALAYA,29,WEST KHASI HILLS,481
MIZORAM,32,AIZAWL,531
MIZORAM,32,CHAMPHAI,536
MIZORAM,32,HNAHTHIAL,745
MIZORAM,32,KHAWZAWL,746
MIZORAM,32,KOLASIB,532
MIZORAM,32,LAWNGTLAI,537
MIZORAM,32,LUNGLEI,534
MIZORAM,32,MAMMIT,533
MIZORAM,32,SAIHA,538
MIZORAM,32,SAITUAL,747
MIZORAM,32,SERCHHIP,535
NAGALAND,33,DIMAPUR,542
NAGALAND,33,KIPHIRE,548
NAGALAND,33,KOHIMA,539
NAGALAND,33,LONGLENG,549
NAGALAND,33,MOKOKCHUNG,545
NAGALAND,33,MON,547
NAGALAND,33,NOKLAK,748
NAGALAND,33,PEREN,540
NAGALAND,33,PHEK,543
NAGALAND,33,TUENSANG,546
NAGALAND,33,WOKHA,541
NAGALAND,33,ZUNHEBOTTO,544
ODISHA,27,ANGUL,460
ODISHA,27,BALANGIR,471
ODISHA,27,BALESWAR,456
ODISHA,27,BARGARH,474
ODISHA,27,BHADRAK,458
ODISHA,27,BOUDH,464
ODISHA,27,CUTTACK,451
ODISHA,27,DEBAGARH,476
ODISHA,27,DHENKANAL,459
ODISHA,27,GAJAPATI,462
ODISHA,27,GANJAM,461
ODISHA,27,JAGATSINGHAPUR,452
ODISHA,27,JAJAPUR,453
ODISHA,27,JHARSUGUDA,475
ODISHA,27,KALAHANDI,469
ODISHA,27,KANDHAMAL,463
ODISHA,27,KENDRAPARA,454
ODISHA,27,KENDUJHAR,455
ODISHA,27,KHORDA,448
ODISHA,27,KORAPUT,465
ODISHA,27,MALKANGIRI,467
ODISHA,27,MAYURBHANJ,457
ODISHA,27,NABARANGAPUR,468
ODISHA,27,NAYAGARH,450
ODISHA,27,NUAPADA,470
ODISHA,27,PURI,449
ODISHA,27,RAYAGADA,466
ODISHA,27,SAMBALPUR,473
ODISHA,27,SONAPUR,472
ODISHA,27,SUNDERGARH,477
PUDUCHERRY,21,KARAIKAL,385
PUDUCHERRY,21,MAHE,755
PUDUCHERRY,21,PUDUCHERRY,379
PUDUCHERRY,21,YANAM,756
PUNJAB,3,AMRITSAR,36
PUNJAB,3,BARNALA,44
PUNJAB,3,BATHINDA,45
PUNJAB,3,FARIDKOT,48
PUNJAB,3,FATEHGARH SAHIB,31
PUNJAB,3,FAZILKA,49
PUNJAB,3,FIROZPUR,35
PUNJAB,3,GURDASPUR,38
PUNJAB,3,HOSHIARPUR,43
PUNJAB,3,JALANDHAR,40
PUNJAB,3,KAPURTHALA,42
PUNJAB,3,LUDHIANA,32
PUNJAB,3,MALERKOTLA,705
PUNJAB,3,MANSA,46
PUNJAB,3,MOGA,34
PUNJAB,3,MUKTSAR,47
PUNJAB,3,PATHANKOT,39
PUNJAB,3,PATIALA,29
PUNJAB,3,RUPNAGAR,28
PUNJAB,3,SANGRUR,33
PUNJAB,3,S.A.S NAGAR,706
PUNJAB,3,SHAHID BHAGAT SINGH NAGAR,41
PUNJAB,3,TARN TARAN,37
RAJASTHAN,9,AJMER,164
RAJASTHAN,9,ALWAR,160
RAJASTHAN,9,BANSWARA,174
RAJASTHAN,9,BARAN,180
RAJASTHAN,9,BARMER,191
RAJASTHAN,9,BHARATPUR,175
RAJASTHAN,9,BHILWARA,171
RAJASTHAN,9,BIKANER,186
RAJASTHAN,9,BUNDI,178
RAJASTHAN,9,CHITTORGARH,172
RAJASTHAN,9,CHURU,183
RAJASTHAN,9,DAUSA,162
RAJASTHAN,9,DHOLPUR,182
RAJASTHAN,9,DUNGARPUR,173
RAJASTHAN,9,GANGANAGAR,187
RAJASTHAN,9,HANUMANGARH,188
RAJASTHAN,9,JAIPUR,161
RAJASTHAN,9,JAISALMER,190
RAJASTHAN,9,JALOR,170
RAJASTHAN,9,JHALAWAR,181
RAJASTHAN,9,JHUJHUNU,185
RAJASTHAN,9,JODHPUR,189
RAJASTHAN,9,KARAULI,176
RAJASTHAN,9,KOTA,179
RAJASTHAN,9,NAGAUR,165
RAJASTHAN,9,PALI,167
RAJASTHAN,9,PRATAPGARH,707
RAJASTHAN,9,RAJSAMAND,166
RAJASTHAN,9,SAWAI MADHOPUR,177
RAJASTHAN,9,SIKAR,184
RAJASTHAN,9,SIROHI,168
RAJASTHAN,9,TONK,163
RAJASTHAN,9,UDAIPUR,169
SIKKIM,25,EAST SIKKIM,441
SIKKIM,25,NORTH SIKKIM,443
SIKKIM,25,SOUTH SIKKIM,442
SIKKIM,25,WEST SIKKIM,444
TAMIL NADU,19,ARIYALUR,382
TAMIL NADU,19,CHENGALPATTU,757
TAMIL NADU,19,CHENNAI,374
TAMIL NADU,19,COIMBATORE,405
TAMIL NADU,19,CUDDALORE,380
TAMIL NADU,19,DHARMAPURI,403
TAMIL NADU,19,DINDIGUL,395
TAMIL NADU,19,ERODE,404
TAMIL NADU,19,KALLAKURICHI,758
TAMIL NADU,19,KANCHIPURAM,375
TAMIL NADU,19,KANYAKUMARI,401
TAMIL NADU,19,KARUR,391
TAMIL NADU,19,KRISHNAGIRI,402
TAMIL NADU,19,MADURAI,396
TAMIL NADU,19,MAYILADUTHURAI,759
TAMIL NADU,19,NAGAPATTINAM,381
TAMIL NADU,19,NAMAKKAL,388
TAMIL NADU,19,NILGIRIS,406
TAMIL NADU,19,PERAMBALUR,389
TAMIL NADU,19,PUDUKKOTTAI,387
TAMIL NADU,19,RAMANATHAPURAM,393
TAMIL NADU,19,RANIPET,760
TAMIL NADU,19,SALEM,390
TAMIL NADU,19,SIVAGANGA,392
TAMIL NADU,19,TENKASI,761
TAMIL NADU,19,THANJAVUR,383
TAMIL NADU,19,THENI,398
TAMIL NADU,19,TIRUCHIRAPPALLI,386
TAMIL NADU,19,TIRUNELVELI,400
TAMIL NADU,19,TIRUPATHUR,762
TAMIL NADU,19,TIRUPPUR,397
TAMIL NADU,19,TIRUVALLUR,376
TAMIL NADU,19,TIRUVANNAMALAI,378
TAMIL NADU,19,TIRUVARUR,384
TAMIL NADU,19,TUTICORIN,399
TAMIL NADU,19,VELLORE,334
TAMIL NADU,19,VILLUPURAM,377
TAMIL NADU,19,VIRUDHUNAGAR,394
TELANGANA,17,ADILABAD,325
TELANGANA,17,BHADRADRI KOTHAGUDEM,634
TELANGANA,17,HANUMAKONDA,635
TELANGANA,17,HYDERABAD,321
TELANGANA,17,JAGTIAL,637
TELANGANA,17,JANGAON,638
TELANGANA,17,JAYASHANKAR BHUPALAPALLY,639
TELANGANA,17,JOGULAMBA GADWAL,640
TELANGANA,17,KAMAREDDY,641
TELANGANA,17,KARIM NAGAR,326
TELANGANA,17,KHAMMAM,328
TELANGANA,17,KUMURAM BHEEM ASIFABAD,644
TELANGANA,17,MAHABUBABAD,645
TELANGANA,17,MAHABUB NAGAR,330
TELANGANA,17,MANCHERIAL,647
TELANGANA,17,MEDAK,323
TELANGANA,17,MEDCHAL MALKAJGIRI,649
TELANGANA,17,MULUGU,650
TELANGANA,17,NAGARKURNOOL,651
TELANGANA,17,NALGONDA,329
TELANGANA,17,NARAYANPET,653
TELANGANA,17,NIRMAL,654
TELANGANA,17,NIZAMABAD,324
TELANGANA,17,PEDDAPALLI,656
TELANGANA,17,RAJANNA SIRCILLA,657
TELANGANA,17,RANGA REDDY,322
TELANGANA,17,SANGAREDDY,659
TELANGANA,17,SIDDIPET,660
TELANGANA,17,SURYAPET,661
TELANGANA,17,VIKARABAD,662
TELANGANA,17,WANAPARTHY,663
TELANGANA,17,WARANGAL,327
TELANGANA,17,YADADRI BHUVANAGIRI,665
TRIPURA,34,DHALAI,552
TRIPURA,34,GOMATI,749
TRIPURA,34,KHOWAI,750
TRIPURA,34,NORTH TRIPURA,553
TRIPURA,34,SEPAHIJALA,751
TRIPURA,34,SOUTH TRIPURA,551
TRIPURA,34,UNAKOTI,752
TRIPURA,34,WEST TRIPURA,550
UTTARAKHAND,8,ALMORA,127
UTTARAKHAND,8,BAGESHWAR,144
UTTARAKHAND,8,CHAMOLI,131
UTTARAKHAND,8,CHAMPAWAT,142
UTTARAKHAND,8,DEHRADUN,136
UTTARAKHAND,8,HARIDWAR,133
UTTARAKHAND,8,NAINITAL,126
UTTARAKHAND,8,PAURI GARHWAL,129
UTTARAKHAND,8,PITHORAGARH,143
UTTARAKHAND,8,RUDRAPRAYAG,130
UTTARAKHAND,8,TEHRI GARHWAL,137
UTTARAKHAND,8,UDHAM SINGH NAGAR,125
UTTARAKHAND,8,UTTARKASHI,138
UTTAR PRADESH,7,AGRA,90
UTTAR PRADESH,7,ALIGARH,79
UTTAR PRADESH,7,AMBEDKAR NAGAR,109
UTTAR PRADESH,7,AMETHI,708
UTTAR PRADESH,7,AMROHA,623
UTTAR PRADESH,7,AURAIYA,85
UTTAR PRADESH,7,AYODHYA,108
UTTAR PRADESH,7,AZAMGARH,104
UTTAR PRADESH,7,BAGPAT,139
UTTAR PRADESH,7,BAHRAICH,149
UTTAR PRADESH,7,BALLIA,105
UTTAR PRADESH,7,BALRAMPUR,146
UTTAR PRADESH,7,BANDA,93
UTTAR PRADESH,7,BARABANKI,110
UTTAR PRADESH,7,BAREILLY,120
UTTAR PRADESH,7,BASTI,148
UTTAR PRADESH,7,BIJNOR,132
UTTAR PRADESH,7,BUDAUN,119
UTTAR PRADESH,7,BULANDSHAHR,81
UTTAR PRADESH,7,CHANDAULI,101
UTTAR PRADESH,7,CHITRAKOOT,94
UTTAR PRADESH,7,DEORIA,154
UTTAR PRADESH,7,ETAH,86
UTTAR PRADESH,7,ETAWAH,84
UTTAR PRADESH,7,FARRUKHABAD,91
UTTAR PRADESH,7,FATEHPUR,99
UTTAR PRADESH,7,FIROZABAD,83
UTTAR PRADESH,7,GAUTAM BUDDHA NAGAR,78
UTTAR PRADESH,7,GHAZIABAD,77
UTTAR PRADESH,7,GHAZIPUR,116
UTTAR PRADESH,7,GONDA,145
UTTAR PRADESH,7,GORAKHPUR,152
UTTAR PRADESH,7,HAMIRPUR,95
UTTAR PRADESH,7,HAPUR,709
UTTAR PRADESH,7,HARDOI,117
UTTAR PRADESH,7,HATHRAS,80
UTTAR PRADESH,7,JALAUN,159
UTTAR PRADESH,7,JAUNPUR,106
UTTAR PRADESH,7,JHANSI,157
UTTAR PRADESH,7,KANNAUJ,92
UTTAR PRADESH,7,KANPUR DEHAT,88
UTTAR PRADESH,7,KANPUR NAGAR,87
UTTAR PRADESH,7,KASGANJ,710
UTTAR PRADESH,7,KAUSHAMBI,98
UTTAR PRADESH,7,KHERI,141
UTTAR PRADESH,7,KUSHINAGAR,155
UTTAR PRADESH,7,LALITPUR,158
UTTAR PRADESH,7,LUCKNOW,111
UTTAR PRADESH,7,MAHARAJGANJ,153
UTTAR PRADESH,7,MAHOBA,96
UTTAR PRADESH,7,MAINPURI,82
UTTAR PRADESH,7,MATHURA,156
UTTAR PRADESH,7,MAU,103
UTTAR PRADESH,7,MEERUT,128
UTTAR PRADESH,7,MIRZAPUR,114
UTTAR PRADESH,7,MORADABAD,122
UTTAR PRADESH,7,MUZAFFARNAGAR,135
UTTAR PRADESH,7,PILIBHIT,121
UTTAR PRADESH,7,PRATAPGARH,113
UTTAR PRADESH,7,PRAYAGRAJ,97
UTTAR PRADESH,7,RAEBARELI,112
UTTAR PRADESH,7,RAMPUR,124
UTTAR PRADESH,7,SAHARANPUR,134
UTTAR PRADESH,7,SAMBHAL,625
UTTAR PRADESH,7,SANT KABIR NAGAR,150
UTTAR PRADESH,7,SANT RAVIDAS NAGAR,102
UTTAR PRADESH,7,SHAHJAHANPUR,118
UTTAR PRADESH,7,SHAMLI,626
UTTAR PRADESH,7,SHRAWASTI,147
UTTAR PRADESH,7,SIDDHARTHNAGAR,151
UTTAR PRADESH,7,SITAPUR,140
UTTAR PRADESH,7,SONBHADRA,115
UTTAR PRADESH,7,SULTANPUR,107
UTTAR PRADESH,7,UNNAO,89
UTTAR PRADESH,7,VARANASI,100
WEST BENGAL,24,ALIPURDUAR,686
WEST BENGAL,24,BANKURA,431
WEST BENGAL,24,BIRBHUM,433
WEST BENGAL,24,COOCH BEHAR,440
WEST BENGAL,24,DARJILING,439
WEST BENGAL,24,EAST MIDNAPORE,430
WEST BENGAL,24,HOOGHLY,426
WEST BENGAL,24,HOWRAH,425
WEST BENGAL,24,JALPAIGURI,438
WEST BENGAL,24,JHARGRAM,687
WEST BENGAL,24,KALIMPONG,688
WEST BENGAL,24,KOLKATA,422
WEST BENGAL,24,MALDA,434
WEST BENGAL,24,MURSHIDABAD,428
WEST BENGAL,24,NADIA,437
WEST BENGAL,24,NORTH 24 PARGANAS,424
WEST BENGAL,24,NORTH DINAJPUR,436
WEST BENGAL,24,PASCHIM BARDHAMAN,684
WEST BENGAL,24,PURBA BARDHAMAN,685
WEST BENGAL,24,PURULIA,432
WEST BENGAL,24,SOUTH 24 PARGANAS,423
WEST BENGAL,24,SOUTH DINAJPUR,435
WEST BENGAL,24,WEST MIDNAPORE,429